0,9,101,38,31,590,21
0,9,98,27,32,1010,14
0,4.833333333,78,28,32,990,3
0,4.833333333,79,27,30,1125,16
0,4.833333333,79,41,30,655,24
0,4.833333333,86,44,32,705,12
0,9,158,38,24,515,11
0,9,152,27,33,1000,9
0,9,172,48,30,625,3
0,9,152,29,32,915,22
0,9,157,40,24,505,31
0,9,134,33,30,865,11
0,9,141,46,32,720,29
0,9,116,45,31,630,19
0,6.5,105,31,0,450,23
0,6.5,107,35,0,515,13
0,9,61,38,32,585,32
195,9,98,37,0,1240,19
0,6.5,104,38,0,540,24
100,1,128,27,52,1070,19
100,1,113,45,46,670,12
100,1,112,43,38,785,0
100,1,112,28,55,945,24
100,1,113,27,56,1050,-4
100,1,113,28,57,1165,7
195,1,102,37,0,1260,30
104,6.5,154,37,0,455,20
0,9,54,37,31,620,23
0,9,55,46,26,770,13
0,9,54,26,23,485,25
0,1.5,54,26,32,1100,7
0,1.5,54,34,18,1330,14
0,4.833333333,84,41,52,635,17
0,4.833333333,83,44,59,695,22
0,4.833333333,82,28,40,1140,27
0,6.5,103,37,0,505,28
0,1,118,33,9,450,6
100,1,133,34,51,860,12
60,1,212,37,0,1240,13
0,6.5,103,27,0,1120,14
0,4.833333333,86,36,28,1290,16
104,6.5,144,37,0,460,21
390,6.5,212,36,81,1265,9
0,9,61,40,32,715,9
0,1.5,62,34,18,1345,6
100,1,108,44,44,655,13
169,1,214,44,79,805,57
0,1,113,4,0,310,105
100,1,128,44,44,650,19
100,1,127,28,57,935,39
100,1,109,28,57,935,22
100,1,107,28,56,1145,21
100,1,112,46,50,725,27
100,1,117,28,54,1125,12
390,1,92,41,0,655,14
390,1,92,28,0,955,20
390,1,92,28,0,1130,27
100,1,127,34,49,850,15
0,1,114,34,0,1330,6
0,1,99,28,0,1210,20
0,3.5,61,28,61,1165,8
0,4.833333333,92,30,59,880,11
0,3.5,61,27,52,1005,0
0,4.833333333,92,44,61,780,14
0,3.5,59,34,39,540,35
0,6.5,105,34,0,485,13
0,4.833333333,92,28,38,1195,-2
0,3.5,55,36,42,645,25
0,3.5,54,43,49,785,3
0,3.5,54,26,56,1090,6
0,3.5,56,28,51,955,1
0,3.5,61,27,58,1125,24
0,9,55,27,33,950,15
0,4.833333333,83,28,40,1145,33
0,6.5,106,47,0,705,15
0,6.5,106,28,0,1150,13
0,6.5,110,28,0,1185,-3
0,6.5,109,46,0,765,21
0,6.5,111,30,0,875,12
0,6.5,110,27,0,1075,3
104,6.5,174,33,0,415,16
169,6.5,227,44,79,800,7
60,1,227,38,0,1145,17
0,6.5,102,3,0,97,405
390,6.5,91,27,0,1225,17
0,6.5,112,27,0,1010,21
0,9,148,28,33,955,18
0,9,303,29,33,1000,22
0,4.833333333,87,35,24,525,13
0,4.833333333,84,34,30,825,12
0,4.833333333,87,43,31,665,35
0,4.833333333,85,38,30,565,12
0,4.833333333,81,27,30,1130,19
0,9,142,27,32,1005,7
0,9,130,28,32,965,20
0,9,155,46,32,715,27
0,9,187,40,23,480,18
0,9,148,34,28,815,18
0,4.833333333,93,27,42,1120,6
0,3.5,62,46,52,770,18
0,9,180,40,23,490,6
0,9,154,28,30,1040,16
0,9,160,28,33,945,8
0,4.833333333,82,28,32,1155,19
0,4.833333333,83,33,24,500,28
0,9,131,38,24,520,10
0,9,519,39,28,1005,1
0,9,61,31,24,520,25
0,9,138,45,31,610,31
0,6.5,102,28,0,1145,25
169,6.5,220,44,85,775,51
100,1,112,38,32,550,22
169,1,235,46,86,765,27
260,1,161,35,75,1315,24
390,1,210,37,87,1235,9
390,1,192,35,75,1305,8
100,1,133,27,54,1065,14
0,6.5,111,43,0,665,15
195,6.5,101,36,0,1290,30
195,6.5,100,35,0,1305,42
0,6.5,111,27,0,1090,4
0,9,175,49,33,690,23
390,9,210,35,74,1320,29
520,9,110,33,0,870,22
390,9,89,34,0,840,13
195,9,97,37,0,1230,12
100,1,142,27,56,1060,10
100,1,141,44,42,775,21
169,1,227,46,86,750,16
780,1,217,41,41,500,15
390,1,89,26,0,1060,-1
104,6.5,150,34,0,445,15
0,6.5,109,31,0,440,41
0,1,96,29,0,915,-7
0,9,156,38,24,515,17
0,1,117,24,0,405,37
0,9,171,43,29,550,10
104,6.5,156,33,0,435,33
780,6.5,218,45,41,510,92
260,6.5,160,34,72,1345,7
260,6.5,160,34,73,1330,29
169,6.5,224,48,85,710,29
195,6.5,100,35,0,1295,39
0,1,100,42,0,625,15
390,1,92,33,0,490,33
0,6.5,109,46,0,755,26
0,6.5,106,41,0,645,12
169,6.5,227,48,63,570,20
0,9,62,27,33,1000,3
0,4.666666667,218,46,43,545,60
0,6.5,102,34,0,840,-1
260,6.5,163,34,72,1340,40
169,6.5,232,52,65,595,66
0,9,85,46,32,870,19
0,4.666666667,226,52,44,595,62
390,4.666666667,203,41,41,510,27
390,4.666666667,91,41,0,655,29
0,9,98,26,0,1010,20
0,4.833333333,79,42,0,650,16
0,4.833333333,78,28,0,930,24
0,4.833333333,79,26,0,1050,17
0,4.833333333,79,44,0,655,21
100,1,258,35,0,840,38
0,4.833333333,86,45,0,705,23
0,9,158,38,0,515,25
0,9,152,27,0,1000,27
0,9,172,48,0,625,26
0,9,152,29,0,915,17
0,9,157,39,0,505,28
0,9,134,33,0,865,21
0,9,103,26,0,1115,13
0,4.833333333,85,33,0,855,33
0,9,116,45,0,650,20
0,1,105,30,0,450,55
0,1,107,36,0,515,13
0,1.5,61,36,0,585,24
130,1.5,98,39,0,1240,20
0,1,104,38,0,540,15
100,1,128,26,0,1070,16
100,1,113,45,0,655,2
100,1,112,42,0,770,4
100,1,112,28,0,945,26
100,1,113,27,0,1050,12
195,1,113,28,0,1165,19
130,1,98,28,0,1200,33
130,1,102,41,0,1260,15
104,6.5,153,30,0,405,25
104,6.5,154,37,0,455,8
0,1.5,54,35,0,620,11
0,1.5,55,42,0,770,12
0,1.5,54,26,0,485,25
0,1.5,54,26,0,1100,10
0,1.5,54,39,0,1330,28
0,4.833333333,84,42,0,635,13
0,4.833333333,83,45,0,695,15
0,4.833333333,82,26,0,1140,6
0,1,103,37,0,505,59
100,1,133,34,0,830,14
0,1,103,26,0,1120,9
390,1,212,42,0,1265,6
0,1.5,61,39,0,715,32
0,1.5,62,39,0,1345,20
0,1,89,25,0,1060,5
100,1,108,45,0,655,12
104,6.5,172,30,0,395,22
100,1,128,45,0,650,26
100,1,127,28,0,935,18
100,1,109,28,0,935,26
195,1,107,26,0,1145,24
390,1,222,35,1,830,11
0,4.666666667,215,39,13,465,44
100,1,112,44,0,715,23
100,1,117,26,0,1125,7
195,1,112,42,0,1275,23
0,1,92,47,0,685,25
0,1,92,28,0,955,33
0,1,92,26,0,1130,37
100,1,127,33,0,850,8
0,1,114,39,0,1330,12
0,1,92,38,0,540,113
0,1,99,39,0,1225,17
0,3.5,61,25,0,1165,6
0,4.833333333,92,32,0,880,29
0,3.5,61,26,0,1005,16
0,4.833333333,92,42,0,765,43
0,1,105,36,0,485,55
0,4.833333333,92,28,0,1205,15
0,1,106,44,0,630,22
0,3.5,55,37,0,645,19
0,3.5,54,41,0,785,13
0,3.5,54,26,0,1090,7
0,3.5,56,27,0,955,10
0,3.5,61,26,0,1125,7
260,3.5,156,42,0,1270,33
0,1.5,55,27,0,950,19
0,4.666666667,217,30,1,915,11
0,4.666666667,221,43,1,1105,27
390,4.666666667,210,43,0,1175,19
0,4.833333333,83,26,0,1145,16
0,1,106,45,0,700,15
0,1,106,26,0,1150,3
0,1,110,28,0,1185,10
0,1,109,42,0,765,31
0,1,110,42,0,1280,-3
0,1,111,32,0,875,29
0,1,110,26,0,1075,3
104,6.5,174,37,0,460,18
0,1,91,28,0,1225,51
0,1,91,44,0,655,12
0,9,148,28,0,955,21
0,4.833333333,87,36,0,525,16
390,4.833333333,194,29,0,1095,23
390,4.833333333,195,27,0,1030,19
0,4.833333333,84,34,0,825,16
0,9,101,37,0,505,30
0,4.833333333,87,44,0,665,23
0,4.833333333,81,26,0,1130,12
0,1.5,61,30,0,495,17
0,9,142,27,0,1005,21
0,9,130,27,0,965,18
0,9,155,44,0,715,26
0,9,187,39,0,480,28
0,9,148,34,0,815,15
0,4.833333333,93,26,0,1120,3
0,3.5,62,42,0,770,11
0,9,180,39,0,490,19
0,9,154,27,0,1040,12
0,9,160,28,0,945,40
0,4.833333333,82,25,0,1155,12
0,4.833333333,83,33,0,500,17
0,4.666666667,220,33,1,880,45
0,9,131,38,0,520,23
0,1.5,61,32,0,520,48
0,9,138,45,0,610,13
0,1,102,26,0,1145,23
100,1,114,38,0,550,41
260,1,161,41,0,1315,35
390,1,192,41,0,1305,18
780,1,56,36,0,595,30
100,1,133,26,0,1085,18
0,1,111,44,0,665,58
130,1,101,42,0,1290,21
130,1,100,41,0,1305,30
520,1,112,28,0,950,17
0,1,104,25,0,400,37
100,1,140,28,0,1165,6
0,1,111,26,0,1070,13
260,1,104,7,0,350,34
0,9,175,49,0,690,17
520,9,110,33,0,870,10
0,1,89,34,0,835,42
0,1,105,27,0,965,0
0,1,109,25,0,395,202
130,1,97,39,0,1230,20
100,1,142,26,0,1060,29
100,1,141,42,0,775,13
130,1,227,42,0,750,16
390,1,230,49,7,680,32
104,6.5,150,36,0,445,11
0,1,109,30,0,440,48
0,1,96,28,0,915,3
0,9,156,38,0,515,19
0,4.666666667,218,51,10,565,21
0,9,171,45,0,550,39
130,9,223,49,0,570,45
104,6.5,156,33,0,435,15
0,4.666666667,228,40,13,450,31
0,4.666666667,218,41,11,500,63
0,4.666666667,220,43,0,1210,71
260,4.666666667,160,42,0,1230,26
260,4.666666667,160,39,0,1345,16
260,4.666666667,160,39,0,1330,-3
0,4.666666667,203,41,11,510,49
130,4.666666667,224,47,0,710,12
130,4.666666667,100,41,0,1295,23
0,1,100,42,0,625,19
0,1,109,42,0,755,32
130,1,227,49,0,570,28
0,1.5,62,26,0,1000,19
0,4.666666667,224,33,1,885,22
0,1,102,34,0,840,12
260,1,163,39,0,1340,29
104,6.5,148,39,0,485,32
260,6.5,193,43,0,600,18
0,9,98,25,0,1010,10
60,9,79,36,0,650,43
0,4.833333333,78,26,0,930,34
0,4.833333333,79,25,0,1050,14
60,4.833333333,79,36,0,655,31
0,9,165,37,0,530,38
60,9,86,38,0,705,24
0,9,158,37,0,515,3
0,9,152,25,0,1000,13
0,9,172,43,0,625,24
0,9,152,26,0,915,16
0,9,157,39,0,505,16
0,9,134,31,0,865,17
0,9,141,37,0,600,3
0,9,103,26,0,1115,19
60,9,85,31,0,855,29
0,9,116,38,0,650,19
0,1,105,30,0,450,22
0,1.666666667,146,43,0,695,-4
0,9,172,39,0,710,21
0,1,107,34,0,515,8
0,1.5,61,36,0,585,13
0,4.833333333,85,30,0,465,13
195,4.833333333,98,34,0,1240,31
0,1,102,31,0,845,11
0,1,104,36,0,540,22
100,1,128,25,0,1070,55
100,1,113,38,0,655,12
100,1,112,37,0,770,9
100,1,112,25,0,945,27
100,1,113,25,0,1050,19
100,1,113,26,0,1165,12
195,1,102,34,0,1260,29
300,1,126,27,0,400,28
104,6.5,153,31,0,405,15
104,6.5,154,37,0,455,12
0,5.833333333,128,33,0,460,22
0,4.833333333,78,26,0,460,13
0,1.5,54,36,0,620,18
0,1.5,55,37,0,770,20
0,1.5,54,25,0,485,23
0,1.5,54,24,0,1100,1
0,4.833333333,84,36,0,635,16
0,4.833333333,83,40,0,695,22
0,4.833333333,82,26,0,1140,0
0,1,103,34,0,505,28
0,1,118,30,0,450,5
0,1,103,26,0,1120,18
0,1.666666667,158,44,0,670,18
0,9,176,28,0,900,-4
104,6.5,144,37,0,460,21
0,9,214,39,0,710,19
390,9,212,34,0,1265,10
0,9,171,37,0,780,17
0,9,112,37,0,735,30
0,9,106,31,0,850,8
0,1.5,61,32,0,715,27
0,1.5,62,31,0,1345,12
0,9,106,26,0,905,4
260,9,199,34,0,1145,17
260,9,162,37,0,570,17
0,9,86,37,0,760,-3
260,9,171,43,0,630,22
100,1,108,38,0,655,17
0,9,214,36,0,805,12
100,1,128,38,0,650,16
100,1,127,25,0,935,1
100,1,107,26,0,1145,21
0,9,179,37,0,780,28
260,9,179,37,0,540,19
0,2.666666667,222,34,0,830,3
390,2.666666667,182,36,0,790,28
0,9,140,26,0,925,9
100,1,112,37,0,725,8
0,4.666666667,223,34,0,1240,16
260,4.666666667,178,39,0,600,16
0,9,140,26,0,910,7
390,9,199,37,0,745,25
390,9,197,38,0,510,36
100,1,117,26,0,1125,22
0,1,92,25,0,955,23
0,1,92,26,0,1130,21
0,9,176,36,0,785,3
0,9,172,43,0,700,13
100,1,127,31,0,850,16
0,1,114,31,0,1330,13
100,1,194,37,0,765,13
0,1,99,26,0,1210,7
0,4.833333333,92,28,0,880,26
0,3.5,61,25,0,1005,21
0,4.833333333,92,37,0,775,17
0,9,158,28,0,880,9
100,1,125,25,0,970,18
0,1,105,32,0,485,21
0,3.5,55,36,0,645,16
0,3.5,54,36,0,785,25
0,3.5,56,25,0,955,27
260,3.5,156,34,0,1270,27
0,1.5,55,24,0,1065,19
0,2.666666667,217,26,0,915,6
0,4.666666667,210,34,0,1175,25
0,4.833333333,83,26,0,1145,17
0,1,106,40,0,705,21
0,1,106,26,0,1150,7
0,1,110,26,0,1185,9
0,1,109,37,0,765,28
0,1,110,34,0,1280,7
0,1,111,28,0,875,-2
0,1,110,24,0,1075,8
104,6.5,174,34,0,415,16
195,6.5,103,18,0,35,356
0,1,91,26,0,1225,9
0,1,91,36,0,655,5
0,1,93,25,0,945,16
60,1,87,34,0,525,28
0,9,194,37,0,780,27
260,9,188,39,0,570,29
0,9,183,36,0,805,17
60,9,84,34,0,825,10
0,9,101,34,0,505,26
60,9,87,37,0,665,16
60,9,85,37,0,565,25
0,4.833333333,81,26,0,1130,16
0,1.5,61,28,0,495,8
0,9,142,25,0,1005,21
0,9,130,25,0,965,25
0,9,155,39,0,715,30
0,9,187,42,0,480,7
0,9,148,34,0,815,12
0,4.833333333,93,26,0,1120,15
0,3.5,62,37,0,770,0
0,1,100,36,0,625,27
0,9,154,26,0,1040,11
0,9,160,25,0,945,18
0,4.833333333,82,26,0,1155,14
60,4.833333333,83,30,0,500,24
0,2.666666667,332,35,0,975,6
0,9,131,37,0,520,27
0,2.666666667,519,35,0,1040,36
0,2.666666667,350,28,0,930,18
0,1.5,61,28,0,520,12
0,9,138,38,0,610,29
0,4.833333333,78,24,0,1055,27
0,1,102,26,0,1145,30
0,9,220,37,0,775,18
260,9,114,37,0,550,13
260,9,161,32,0,1315,17
390,9,203,34,0,825,25
0,9,91,37,0,780,23
0,9,211,37,0,755,18
0,9,211,32,0,840,3
0,9,211,25,0,980,11
390,9,210,34,0,1235,8
390,9,192,33,0,1305,15
260,9,176,37,0,540,18
100,1,133,26,0,1085,21
520,1,94,31,0,490,24
130,1,66,34,0,815,8
195,1,101,34,0,1290,49
195,1,100,33,0,1305,56
260,1,186,45,0,645,13
0,1,104,26,0,400,40
520,1,109,30,0,455,23
130,1,71,36,0,620,26
100,1,109,26,0,930,0
0,9,195,26,0,920,13
100,1,140,26,0,1165,33
260,1,187,37,0,545,24
0,1,111,24,0,1070,16
0,9,186,37,0,735,17
0,9,175,43,0,690,33
0,9,175,32,0,840,-1
0,1.666666667,160,38,0,615,21
0,9,175,25,0,960,10
0,1.666666667,160,43,0,640,13
0,9,161,28,0,890,11
260,9,189,39,0,585,19
0,1,89,32,0,835,32
0,9,159,32,0,840,8
0,1.666666667,156,38,0,625,18
0,9,179,28,0,890,2
0,9,187,28,0,895,27
390,9,200,28,0,880,27
0,9,112,37,0,735,15
0,9,108,26,0,920,6
0,3.666666667,238,46,0,575,11
0,1,105,25,0,965,9
195,1,109,27,0,395,11
0,5.833333333,125,36,0,485,22
195,5.833333333,97,34,0,1230,28
100,1,142,25,0,1060,18
260,1,183,37,0,560,22
100,1,141,37,0,775,11
130,1,227,37,0,750,7
0,3.666666667,230,43,0,680,8
260,3.666666667,172,44,0,660,10
390,3.666666667,202,43,0,695,15
0,1,89,24,0,1060,8
104,6.5,150,33,0,445,21
0,1,109,30,0,440,21
0,1,124,40,0,705,61
0,1,96,26,0,915,13
0,9,156,37,0,515,10
0,9,148,25,0,950,16
0,3.666666667,218,46,0,565,50
0,9,171,37,0,550,16
260,9,185,43,0,620,21
104,9,223,43,0,570,22
195,9,97,26,0,1170,29
104,6.5,156,33,0,435,42
0,1.666666667,172,45,0,650,13
0,9,174,39,0,720,26
0,9,174,28,0,895,18
0,9,158,40,0,705,17
390,9,200,41,0,455,14
0,1.666666667,160,43,0,685,19
0,4.666666667,220,34,0,1195,19
0,9,170,26,0,925,3
260,9,160,31,0,1345,13
260,9,160,31,0,1330,23
0,9,107,38,0,705,10
104,9,224,39,0,710,10
195,9,100,33,0,1295,32
195,9,92,34,0,535,23
0,1,109,37,0,755,18
0,1,130,43,0,685,18
104,1,227,43,0,570,27
0,1.5,62,25,0,1000,37
0,2.666666667,224,28,0,885,15
0,9,206,28,0,890,11
100,1,133,34,0,830,14
260,1,163,31,0,1340,23
104,6.5,148,40,0,485,40
0,9,175,36,0,785,24
260,9,196,32,0,350,232
130,9,186,41,1,865,20
0,10.5,86,39,0,790,1
104,6.5,154,30,0,455,19
0,5.166666667,631,67,0,740,1
0,9,101,42,0,740,24
104,9,180,43,0,810,22
0,9,98,35,0,1010,11
130,9,191,44,1,730,98
0,9,160,41,0,835,20
0,4.833333333,79,38,0,650,18
0,4.833333333,78,35,0,975,20
0,4.833333333,79,38,0,655,15
100,1,258,47,0,775,25
0,4.833333333,86,40,0,705,15
0,9,158,38,0,515,16
0,9,152,35,0,1000,16
0,9,172,42,0,625,14
0,9,152,37,0,915,25
0,9,157,38,0,505,12
0,9,134,41,0,865,13
0,9,141,39,0,590,23
0,4.833333333,78,35,0,1035,38
0,9,116,40,0,630,32
0,10.5,341,50,0,655,84
0,1,105,29,0,450,15
0,10.5,146,44,0,695,16
0,10.5,172,44,0,710,60
0,1,107,33,0,515,9
0,1.5,61,36,0,585,15
0,4.833333333,85,28,0,465,23
0,6.5,98,46,0,1240,9
0,9,102,37,0,845,8
0,1,104,36,0,540,30
100,1,128,33,0,1070,61
100,1,113,42,0,670,26
100,1,112,39,0,785,26
100,1,112,36,0,945,26
100,1,113,35,0,1050,39
100,1,113,48,0,1165,17
0,1,105,22,0,405,18
0,6.5,102,46,0,1260,26
130,6.5,142,36,0,965,39
130,6.5,142,36,0,960,40
130,6.5,148,44,0,695,17
78,6.5,160,36,0,955,42
78,6.5,169,41,0,835,19
0,1.5,54,37,0,620,17
0,1.5,55,41,0,770,24
0,1.5,54,22,0,485,29
0,1.5,54,32,0,1100,20
0,1.5,54,43,0,1330,16
0,4.833333333,84,38,0,635,31
0,4.833333333,83,42,0,695,19
0,4.833333333,82,51,0,1140,45
130,6.5,143,42,0,650,27
130,6.5,174,37,0,915,71
0,1,103,30,0,505,29
0,1,118,29,0,450,14
100,1,133,41,0,865,14
0,10.5,160,36,0,480,33
0,1,103,50,0,1120,36
0,4.833333333,86,36,0,1385,8
0,10.5,158,44,0,670,11
0,4.833333333,86,46,0,1290,17
0,5.166666667,91,38,0,640,22
104,6.5,144,30,0,460,30
0,5.166666667,88,41,0,700,10
0,10.5,214,44,0,710,7
390,10.5,212,46,0,1265,23
260,10.5,169,29,0,420,22
0,10.5,171,43,0,780,18
0,10.5,112,28,0,470,23
0,10.5,112,40,0,665,3
0,10.5,112,42,0,735,41
0,10.5,106,37,0,850,16
0,1.5,61,38,0,715,19
0,1.5,62,43,0,1345,32
0,10.5,105,40,0,645,5
0,5.166666667,91,37,0,830,4
0,9,171,44,0,740,21
0,10.5,100,23,0,415,26
78,10.5,168,43,0,750,37
78,10.5,163,37,0,930,36
78,10.5,171,42,0,810,18
78,10.5,171,44,0,690,23
100,1,108,40,0,655,18
104,1,214,43,0,805,10
0,10.5,176,39,0,575,14
100,1,128,40,0,650,18
100,1,127,36,0,935,14
100,1,109,36,0,935,20
100,1,107,49,0,1145,18
130,1,179,43,1,780,59
130,1,182,51,0,1080,42
130,1,181,46,0,1260,33
130,1,180,40,0,900,26
78,1,172,41,0,870,18
0,10.5,103,23,0,425,18
1560,10.5,222,41,1,830,8
0,10.5,162,30,0,455,21
0,9,182,42,0,790,36
0,10.5,215,38,0,465,24
0,5.166666667,88,40,0,660,3
0,10.5,130,42,0,680,7
0,6,125,49,0,1145,10
0,10.5,142,40,0,640,15
0,6,135,48,0,1155,40
0,10.5,203,39,0,510,28
130,10.5,180,47,0,1200,45
130,10.5,178,41,0,600,21
0,9,199,43,0,745,17
520,9,197,39,0,510,27
100,1,112,42,0,715,37
100,1,117,51,0,1125,41
0,9,92,39,0,655,23
0,9,92,42,0,685,21
0,1,92,36,0,955,14
0,1,92,51,0,1130,30
130,6.5,128,39,0,790,22
130,6.5,173,41,0,840,26
0,10.5,174,39,0,555,77
0,10.5,176,39,0,785,20
0,10.5,172,44,0,700,54
100,1,127,40,0,850,23
0,1,114,43,0,1330,6
130,1,194,43,1,765,44
0,10.5,156,33,0,475,12
0,1,99,46,0,1225,15
0,9,101,39,0,600,29
0,9,101,40,0,660,29
0,9,102,43,0,780,19
0,9,100,37,0,840,16
0,4.833333333,92,39,0,880,8
0,3.5,61,35,0,1005,13
0,4.833333333,92,41,0,775,28
0,10.5,197,39,0,540,30
0,10.5,172,39,0,545,13
130,10.5,180,53,0,1030,50
0,1,105,28,0,485,15
0,4.833333333,92,47,0,1205,50
0,5.166666667,99,39,0,790,25
390,5.166666667,201,47,0,1190,40
0,3.5,55,38,0,645,37
0,3.5,54,37,0,785,11
0,3.5,56,36,0,955,34
0,1.5,55,36,0,950,33
780,1.5,221,47,1,1220,11
780,1.5,210,48,1,1175,38
0,10.5,217,39,0,460,2
65,2.5,106,36,0,545,14
0,4.833333333,83,49,0,1145,33
0,9,106,42,0,705,22
0,1,106,49,0,1150,24
0,1,110,47,0,1185,15
0,9,109,42,0,765,12
0,1,110,46,0,1280,43
0,1,111,40,0,875,-1
0,1,110,33,0,1075,11
130,6.5,149,35,0,985,-2
0,9,227,43,0,800,29
0,9,226,41,0,860,8
0,10.5,139,38,0,550,35
0,6,130,33,0,1065,26
0,10.5,146,36,0,505,14
130,6.5,154,35,0,985,12
0,1,90,33,0,520,31
0,1,91,46,0,1225,24
130,6.5,152,44,0,685,9
0,9,91,39,0,655,-7
0,9,226,41,0,545,31
0,9,104,39,0,640,34
0,1,112,35,0,1010,22
0,9,148,36,0,955,23
0,9,303,54,0,1000,44
0,4.833333333,87,33,0,525,16
104,4.833333333,192,37,0,930,22
0,9,163,41,0,845,4
130,9,183,43,1,805,47
0,4.833333333,84,37,0,825,22
0,4.833333333,87,40,0,665,18
0,4.833333333,81,50,0,1130,23
0,9,142,35,0,1005,5
0,9,130,36,0,965,27
0,9,155,44,0,715,13
0,9,187,38,0,480,15
0,9,148,40,0,815,9
0,5.166666667,742,67,0,735,31
0,5.166666667,769,66,0,780,29
0,5.166666667,97,41,0,770,28
0,4.833333333,93,50,0,1120,26
0,3.5,62,41,0,770,22
0,5.166666667,741,62,0,810,22
0,5.166666667,633,67,0,720,34
0,9,154,36,0,1040,30
0,9,160,36,0,945,8
0,4.833333333,82,48,0,1155,32
0,4.833333333,83,28,0,500,17
1560,4.833333333,220,40,1,880,15
0,5.166666667,780,66,0,765,35
0,9,131,38,0,520,27
0,1.5,61,28,0,520,13
0,10.5,211,38,0,485,10
0,10.5,210,43,0,590,20
0,9,104,43,0,780,27
0,9,138,40,0,610,29
0,1,102,49,0,1145,31
0,9,220,47,0,775,8
100,1,112,38,0,550,40
0,10.5,171,34,0,445,5
0,9,235,47,0,765,28
195,9,161,45,0,1315,11
520,9,203,41,0,825,26
0,10.5,211,43,0,755,27
0,10.5,211,41,0,840,28
390,10.5,210,46,0,1235,6
390,10.5,192,45,0,1305,9
0,10.5,211,39,0,520,27
0,10.5,189,36,0,460,13
130,6.5,152,42,0,715,52
130,6.5,168,53,0,1030,121
130,6.5,167,40,1,895,55
130,6.5,168,46,0,1280,14
0,9,100,39,0,810,12
65,2.5,89,28,0,480,29
0,9,91,41,0,780,2
780,9,56,36,0,595,20
100,1,133,33,0,1065,43
0,5.166666667,97,37,0,850,11
0,9,102,42,0,720,16
195,9,66,37,0,815,12
130,9,186,44,1,725,53
130,9,186,36,0,1015,67
130,9,186,48,0,1160,44
130,9,185,46,0,1285,26
0,9,137,39,0,800,14
0,9,107,42,0,690,19
0,6.5,101,46,0,1290,24
0,6.5,100,45,0,1305,38
0,9,230,41,0,845,25
65,2.5,96,35,0,980,28
130,6.5,130,43,0,700,23
78,6.5,179,44,0,730,41
0,1,111,33,0,1090,25
130,1,186,44,0,645,10
0,9,112,40,0,645,25
130,6.5,129,35,0,1005,19
195,6.5,68,48,0,1150,37
130,6.5,192,36,1,970,9
0,6,181,35,1,990,44
0,9,171,43,0,760,7
0,10.5,88,28,0,470,14
0,10.5,203,39,0,515,25
0,10.5,139,38,0,545,16
195,10.5,70,35,0,990,10
0,10.5,186,44,0,735,23
0,9,175,45,0,690,14
0,9,95,36,0,560,25
0,10.5,175,41,0,840,18
0,10.5,161,43,0,780,9
130,10.5,184,36,1,960,31
0,10.5,160,40,0,615,26
0,10.5,174,34,0,465,5
0,10.5,150,42,0,640,11
0,10.5,168,40,0,585,4
0,10.5,160,34,0,475,23
130,10.5,189,42,0,615,21
0,9,95,38,0,630,10
520,9,110,41,0,870,27
780,9,56,28,0,535,20
65,2.5,113,51,0,1115,55
0,9,97,42,0,690,2
0,9,89,37,0,840,2
0,10.5,159,41,0,840,14
0,10.5,156,33,0,465,-2
0,10.5,156,40,0,625,28
0,10.5,142,38,0,550,24
0,10.5,182,31,0,430,21
0,9,200,40,0,880,8
0,10.5,111,38,0,610,7
0,10.5,97,30,0,510,6
0,3,100,46,0,1265,32
0,10.5,98,39,0,805,15
0,6,128,36,0,950,-2
0,10.5,112,42,0,735,12
0,6,99,36,0,950,14
0,10.5,112,28,0,470,7
0,10.5,238,45,0,585,6
0,1,105,36,0,965,14
130,6.5,122,36,0,945,15
0,6.5,97,46,0,1230,81
65,2.5,84,37,0,605,29
100,1,142,33,0,1060,52
78,1,182,36,0,960,51
100,1,141,43,0,775,15
0,9,227,46,0,750,35
0,10.5,158,42,0,710,18
0,10.5,131,38,0,565,16
0,6,137,36,0,965,11
0,6,99,32,0,1070,47
130,6,178,46,0,1225,45
130,6,177,44,0,680,15
78,6,172,44,0,660,31
130,6,190,41,1,855,39
78,6,177,41,0,840,32
0,10.5,213,38,0,480,2
0,9,180,43,0,750,23
0,6,189,53,0,1020,71
390,6,217,39,0,500,19
0,9,202,46,0,695,14
130,6.5,155,36,0,960,13
0,1,89,32,0,1060,17
104,6.5,150,29,0,445,19
0,1,109,29,0,440,3
130,6.5,124,42,0,705,49
0,1,96,37,0,915,23
0,9,97,39,0,810,34
0,9,156,38,0,515,27
0,5.166666667,777,69,0,695,53
0,1,117,22,0,405,23
130,6.5,113,35,0,1005,10
390,6.5,218,45,0,565,16
0,9,130,40,0,830,2
0,10.5,172,44,0,660,16
0,9,171,39,0,550,18
78,9,171,35,0,990,57
130,9,185,42,0,620,23
0,9,223,43,0,570,9
130,9,178,41,1,860,41
104,6.5,156,29,0,435,18
0,10.5,95,22,0,420,17
0,10.5,171,38,0,500,10
0,10.5,174,44,0,720,5
0,10.5,140,29,0,420,28
390,10.5,200,36,0,455,26
78,10.5,167,44,0,720,42
0,9,239,40,0,885,11
130,6.5,170,44,0,660,18
0,9,224,41,0,855,9
130,9,184,37,1,925,-16
0,10.5,140,33,0,495,27
0,10.5,160,44,0,685,13
0,10.5,160,40,0,815,26
0,10.5,239,39,0,425,28
0,10.5,129,42,0,720,12
0,10.5,127,28,0,470,10
0,10.5,111,36,0,525,28
0,10.5,218,39,0,450,16
0,10.5,183,36,0,475,29
78,10.5,169,40,0,900,20
130,10.5,178,42,1,800,79
130,10.5,184,51,0,1105,87
195,10.5,160,43,0,1345,26
195,10.5,160,43,0,1335,27
260,10.5,160,29,0,385,23
0,10.5,249,39,0,460,15
130,10.5,167,44,1,720,66
0,10.5,107,40,0,705,1
0,9,224,44,0,710,39
130,6.5,150,35,0,1030,9
0,10.5,113,34,0,515,20
0,6.5,100,45,0,1295,29
0,9,100,38,0,625,23
0,1,92,28,0,490,29
0,9,109,41,0,755,25
65,2.5,89,44,0,1325,14
0,9,106,39,0,645,-2
0,9,227,43,0,570,16
65,2.5,96,39,0,805,25
0,1.5,62,35,0,1000,14
0,10.5,195,42,0,615,13
390,10.5,218,41,0,545,24
195,10.5,163,43,0,1340,36
104,6.5,148,36,0,485,34
78,6.5,70,41,0,840,22
0,6.833333333,631,47,0,740,12
0,9,180,38,0,810,14
0,9,98,28,3,1010,18
130,9,189,35,1,510,36
0,4.833333333,78,32,4,930,19
0,4.833333333,79,28,4,1050,14
0,4.833333333,79,33,2,655,26
0,4.833333333,86,33,2,705,14
0,9,158,33,1,515,18
0,9,152,28,3,1000,23
60,1,358,40,0,525,11
0,9,281,28,3,1025,41
0,9,172,35,1,625,8
0,9,152,32,4,915,23
0,9,157,34,1,505,21
0,9,134,35,2,865,17
0,4.833333333,78,28,3,1035,20
0,9,103,25,4,1115,6
0,4.833333333,85,34,2,855,36
0,9,116,34,2,650,32
0,1,105,27,0,450,3
390,1,161,25,2,1080,34
390,1,160,25,4,1135,50
0,1,107,29,0,515,21
0,1.5,61,33,1,585,-1
0,4.833333333,85,27,0,465,18
195,4.833333333,98,33,0,1240,14
0,1,102,34,0,845,14
0,1,104,33,0,540,8
0,5.166666667,91,22,0,395,24
100,1,128,26,5,1070,22
100,1,181,29,1,415,23
100,1,113,35,2,670,17
100,1,112,36,1,785,9
100,1,112,29,3,945,13
0,9,113,28,3,1050,-1
0,1,105,22,0,405,23
195,1,102,33,0,1260,26
104,6.5,153,27,0,405,26
104,6.5,154,30,0,455,9
780,6.5,220,29,6,960,12
78,6.5,159,34,1,485,21
0,9,169,35,0,835,22
0,9,159,26,3,1055,11
0,4.833333333,78,23,0,460,10
0,1.5,54,32,1,620,24
0,1.5,55,34,2,770,21
0,1.5,54,23,0,485,30
0,1.5,54,25,4,1100,8
0,1.5,54,32,1,1330,36
0,4.833333333,84,33,0,635,7
0,4.833333333,83,33,0,695,26
0,4.833333333,82,25,4,1140,6
0,9,174,32,0,915,14
0,1,103,30,0,505,25
0,1,118,28,1,450,10
100,1,133,35,2,830,18
0,1,103,25,0,1120,18
0,6.833333333,91,33,1,650,35
0,6.833333333,88,33,0,700,25
260,6.833333333,171,33,7,1235,8
390,6.833333333,212,33,7,1275,8
0,1.5,61,31,2,715,19
0,9,105,35,1,689,-41
260,9,224,29,6,945,11
0,6.833333333,91,34,0,830,14
60,1,162,34,0,570,26
100,1,171,38,2,810,12
60,1,167,34,0,510,21
60,1,171,35,0,630,12
100,1,108,35,2,675,21
0,9,168,28,3,1050,15
0,9,100,28,0,490,22
104,6.5,172,27,0,400,21
0,5.166666667,93,5,0,330,61
100,1,128,34,1,650,13
100,1,127,30,3,935,16
100,1,109,30,0,935,10
100,1,107,25,5,1145,36
100,1,129,29,1,475,28
0,9,182,25,3,1080,4
130,9,179,34,1,540,14
0,9,180,33,0,900,19
0,5.166666667,110,22,0,395,6
0,9,172,35,0,870,8
100,1,112,35,1,725,17
130,1,178,35,1,600,28
130,1,180,34,1,480,16
0,9,149,30,0,475,25
100,1,117,25,5,1125,8
100,1,116,29,1,485,13
0,1,92,33,0,655,17
0,1,92,35,0,685,24
0,1,92,29,0,955,4
260,1,175,34,7,1180,9
100,1,127,35,3,850,16
0,1,114,32,0,1330,22
0,1,92,33,0,560,8
0,1,99,33,0,1225,13
0,3.5,61,25,1,1165,3
0,4.833333333,92,33,0,880,24
0,3.5,61,28,1,1005,5
0,4.833333333,92,35,0,775,11
0,9,101,33,0,540,18
100,1,134,28,1,455,8
0,1,105,29,0,485,22
0,4.833333333,92,25,4,1195,6
0,5.166666667,96,8,0,375,21
0,6.833333333,99,36,0,790,12
130,6.833333333,201,34,7,1190,14
0,3.5,55,33,1,645,20
0,3.5,54,35,0,785,0
0,3.5,54,25,1,1090,6
0,3.5,56,29,1,955,9
0,3.5,61,25,1,1125,14
0,1.5,55,29,3,950,21
100,1,225,34,1,430,14
0,9,106,33,0,545,20
0,4.833333333,83,25,4,1145,28
0,1,106,36,0,705,23
0,1,106,25,0,1150,13
0,1,110,25,0,1185,12
0,1,109,35,0,765,0
0,1,110,33,0,1280,2
0,1,111,34,0,875,13
0,1,110,25,0,1075,1
104,6.5,174,28,0,415,25
0,9,152,34,0,500,28
0,1,90,29,0,520,22
0,1,91,24,0,1225,28
0,1,91,33,0,655,6
0,5.166666667,95,22,0,405,17
0,1,93,29,0,945,10
0,9,148,29,3,955,12
0,4.833333333,87,29,1,525,13
0,9,192,32,0,930,7
0,9,164,34,0,510,16
0,9,169,34,0,490,14
0,4.833333333,84,34,2,825,12
0,9,101,30,1,505,2
0,4.833333333,87,34,2,665,15
0,4.833333333,85,34,2,660,17
0,4.833333333,81,25,4,1130,17
0,1.5,61,27,0,495,9
0,9,142,28,3,1005,11
0,9,130,28,3,965,3
0,9,155,37,2,715,23
0,9,187,34,0,480,12
0,9,148,35,1,815,9
0,6.833333333,752,44,0,860,14
0,5.166666667,115,23,0,375,38
0,6.833333333,742,47,0,735,23
0,6.833333333,769,47,0,780,20
0,6.833333333,603,38,1,960,5
0,6.833333333,711,42,0,900,14
0,6.833333333,591,41,0,920,12
0,6.833333333,97,35,0,770,6
0,4.833333333,93,25,4,1120,0
0,3.5,62,35,0,770,10
0,5.166666667,94,8,0,375,4
0,9,180,34,0,490,19
0,6.833333333,633,48,0,720,25
0,9,154,28,4,1040,8
0,9,160,29,3,945,9
0,4.833333333,82,25,4,1155,10
0,4.833333333,83,28,1,500,22
0,6.833333333,783,44,0,835,28
0,9,131,33,1,520,29
0,1.5,61,27,1,520,18
0,9,342,30,0,935,9
0,6.833333333,620,37,1,975,8
0,9,138,34,1,610,32
0,9,216,32,0,930,10
100,1,108,22,1,405,19
0,1,102,25,0,1145,35
169,1,220,38,4,775,64
100,1,114,33,0,550,12
0,9,137,34,0,500,19
169,9,235,38,3,765,0
195,9,161,32,7,1315,6
130,9,210,34,4,1125,20
390,9,210,33,7,1235,7
390,9,192,32,7,1305,52
0,9,167,33,0,895,14
130,9,176,34,1,540,44
780,9,56,33,1,595,20
100,1,133,25,5,1085,19
0,9,94,28,0,490,29
0,6.833333333,97,34,0,850,19
0,9,186,35,0,865,11
0,1,111,34,0,665,16
0,9,101,30,0,510,18
195,9,101,33,0,1290,37
195,9,100,32,0,1305,56
0,6.833333333,115,34,0,875,21
520,6.833333333,112,29,0,950,4
130,6.833333333,186,38,1,645,26
780,6.833333333,213,32,6,920,15
100,1,140,25,5,1165,6
130,1,187,34,1,545,46
0,1,111,26,0,1070,7
0,9,100,30,0,510,5
195,9,70,28,0,990,25
0,9,175,39,2,690,24
390,9,160,33,7,1230,20
130,9,189,35,1,615,40
0,9,95,33,0,570,5
520,9,110,35,0,870,-2
0,1,89,34,0,840,23
390,1,161,28,2,1020,17
390,1,150,25,4,1130,45
0,1,105,28,0,965,-2
195,1,97,33,0,1230,20
0,9,142,26,3,1060,13
130,9,183,34,1,560,52
100,1,141,37,1,775,11
169,1,227,38,2,750,0
0,9,96,29,0,500,25
60,1,167,33,0,520,11
0,9,190,35,0,855,12
0,9,177,35,0,840,13
100,1,189,28,6,1020,13
130,1,187,34,1,460,26
260,1,172,25,3,1085,3
0,1,89,26,0,1060,3
104,6.5,150,29,0,445,27
0,1,109,27,0,440,9
0,1,96,32,0,915,5
0,9,156,33,1,515,29
0,1,117,23,0,405,22
130,1,173,34,1,485,38
0,9,171,34,1,550,11
0,9,281,35,0,820,17
130,9,185,35,1,620,25
169,9,223,36,1,570,44
0,9,178,35,0,860,19
104,6.5,156,28,0,435,22
60,1,186,36,0,600,9
100,1,141,27,1,430,11
0,9,184,32,0,925,15
390,9,150,28,1,1010,7
0,9,169,33,0,900,7
195,9,160,32,7,1345,14
195,9,160,32,7,1320,31
130,9,171,34,1,490,23
169,9,224,39,2,710,20
195,9,100,32,0,1295,43
0,1,100,33,0,625,24
0,9,101,33,0,540,11
0,1,109,35,0,755,5
390,1,150,34,7,1195,-4
0,5.166666667,114,22,0,385,26
0,1,106,33,0,645,11
0,1.5,62,28,3,1000,12
195,1.5,163,32,7,1340,46
0,9,148,34,0,485,28
0,9,71,32,0,720,116
100,1,189,37,9,1020,21
0,1,102,34,0,1145,36
0,9,134,38,17,455,8
0,9,255,40,12,890,18
0,4,168,38,12,750,38
0,9,171,46,13,500,11
0,9,107,35,11,705,43
0,9,172,38,11,710,23
0,6.333333333,171,39,0,1235,6
0,9,214,39,9,710,17
0,6.333333333,212,40,13,1265,43
100,1,112,35,8,945,5
0,6.333333333,113,35,10,1325,16
0,6.333333333,117,37,20,1125,21
30,6.333333333,102,37,0,780,45
195,6.333333333,102,39,5,1260,41
195,6.333333333,100,35,5,1305,45
0,4,220,40,24,775,26
0,9,174,37,11,720,9
0,9,206,40,12,890,6
0,9,109,35,12,860,34
0,9,172,39,22,1080,31
0,5.166666667,86,26,2,1385,10
0,9,171,36,15,405,23
65,9,202,38,20,695,71
104,6.5,154,43,0,455,12
0,4,194,38,12,765,31
0,6.333333333,174,40,0,1200,15
780,6.333333333,56,44,11,595,9
0,1,68,33,9,1200,7
0,1,75,33,9,1170,0
0,1,70,45,9,565,30
0,9,152,46,15,600,24
195,9,100,35,4,1295,64
0,9,171,46,19,490,19
0,9,162,43,13,455,2
0,9,193,48,17,600,58
0,6.333333333,197,39,14,1210,16
0,4,191,38,14,725,42
0,9,190,46,18,480,27
0,9,191,46,16,450,10
0,6.333333333,184,40,11,1290,31
0,9,189,46,19,510,6
0,6.333333333,195,39,13,1215,19
60,6.333333333,79,35,8,650,37
60,6.333333333,78,32,6,930,31
60,6.333333333,79,33,7,1050,25
60,6.333333333,79,35,8,655,55
100,1,258,44,12,775,34
60,1,86,35,7,705,45
0,9,358,52,19,525,19
0,9,287,46,15,410,14
0,9,505,54,11,410,31
60,9,78,34,7,1035,73
0,9,130,22,0,350,17
0,1,105,33,0,450,12
0,9,146,36,11,695,32
0,6.333333333,160,34,0,1150,20
0,1,107,42,0,515,27
0,4.833333333,85,33,4,465,40
195,4.833333333,98,39,5,1240,24
0,1,104,45,0,540,16
0,9,128,33,22,1070,25
0,9,171,43,16,450,10
0,9,97,22,11,405,15
0,9,146,25,10,390,25
0,6.333333333,133,37,11,1300,19
100,1,113,37,15,670,21
0,4,112,35,12,785,26
100,1,113,33,8,1050,34
100,1,113,33,9,1165,3
0,9,72,22,16,430,17
0,6.333333333,111,35,10,1345,24
104,6.5,153,33,0,405,16
0,6.333333333,160,38,11,1295,28
0,9,159,46,19,485,19
0,4.833333333,78,26,4,460,21
0,4.833333333,84,35,6,635,58
0,4.833333333,83,35,5,695,45
0,4.833333333,82,32,4,1140,17
0,6.333333333,133,36,11,1340,16
0,1,103,43,0,505,29
100,1,133,37,10,865,16
0,6.333333333,212,42,13,1240,22
0,9,160,46,13,480,79
0,1,103,34,0,1120,28
0,9,158,38,14,670,29
0,9,176,40,13,900,0
104,6.5,144,43,0,460,58
0,9,134,31,15,415,18
0,9,169,38,11,420,18
0,9,171,38,12,780,11
0,9,240,46,15,415,10
0,9,112,36,13,470,12
0,9,112,35,13,665,15
0,9,112,35,12,735,31
0,9,106,35,12,850,23
0,9,223,46,19,490,17
0,9,106,34,13,905,2
0,6.333333333,107,37,0,1140,35
0,6.333333333,107,33,0,1175,30
0,6.333333333,106,37,0,1265,17
0,9,105,36,0,645,44
0,9,135,33,11,415,12
0,9,224,46,16,425,21
65,9,171,38,22,740,42
0,9,100,25,11,415,8
0,9,162,46,19,570,17
0,9,86,35,12,790,10
0,6.333333333,63,32,13,1225,17
0,6.333333333,172,39,13,1230,21
100,1,171,38,12,810,37
0,9,167,46,19,510,20
0,6.333333333,172,40,11,1290,21
100,1,108,37,16,675,43
104,1,214,38,16,805,31
0,9,176,46,0,575,41
0,9,208,43,11,415,-1
100,1,128,36,14,650,32
100,1,127,35,8,935,32
100,1,109,35,8,935,23
100,1,107,34,9,1145,16
0,6.333333333,129,35,11,1295,21
0,9,129,39,17,475,13
0,9,182,39,22,1080,17
0,9,179,46,19,540,2
0,6.333333333,181,41,12,1260,7
0,9,103,25,11,425,5
0,9,222,41,18,830,19
65,9,182,38,17,790,45
0,9,81,39,0,1235,9
0,9,215,46,20,465,23
0,6.333333333,198,41,13,1240,46
0,6.333333333,113,31,0,1355,18
0,9,130,37,12,680,34
0,9,142,36,0,640,7
0,9,203,46,20,510,18
0,6.333333333,102,31,0,1365,23
0,4.666666667,223,42,24,1240,32
0,9,200,46,18,480,10
0,6.333333333,180,40,14,1200,16
0,9,178,46,17,600,22
0,9,180,46,18,480,20
0,9,140,36,14,910,0
65,9,199,38,23,745,46
390,9,197,46,15,510,27
0,4,112,35,14,715,62
0,6.333333333,112,37,12,1275,21
0,9,116,39,19,485,17
0,1,92,35,0,655,46
0,1,92,37,0,685,41
0,1,92,35,0,970,29
0,1,92,32,0,1130,14
0,6.333333333,175,40,0,1180,27
0,9,174,46,15,555,5
0,9,176,36,13,785,31
0,9,172,38,11,700,37
100,1,127,37,11,850,18
0,1,114,35,0,1330,32
0,6.333333333,185,39,12,1265,11
0,9,156,43,13,475,3
0,1,99,32,0,1205,12
0,3.5,61,28,3,1165,9
0,4.833333333,92,34,6,880,29
0,3.5,61,35,3,1005,26
0,4.833333333,92,37,4,780,17
195,4.833333333,59,38,4,535,24
0,9,194,43,16,425,10
0,9,197,46,0,540,65
0,9,158,40,11,880,29
0,9,172,45,15,545,31
100,1,125,35,10,970,12
0,1,105,39,0,485,29
0,4.833333333,92,32,3,1205,5
0,6.333333333,201,40,0,1190,5
0,3.5,55,34,4,645,33
0,3.5,54,33,4,785,51
0,3.5,54,32,3,1090,12
0,3.5,56,31,3,955,35
0,3.5,61,30,3,1125,44
260,3.5,156,37,13,1270,15
0,9,225,46,16,430,13
0,1.666666667,217,36,20,915,14
0,4.666666667,210,40,22,1175,39
0,9,217,46,13,460,5
0,4.833333333,83,29,4,1145,29
0,9,224,47,19,505,16
0,1,106,36,0,705,49
0,1,106,34,0,1150,3
0,1,110,33,0,1185,23
0,1,109,37,0,765,37
0,1,110,37,0,1280,12
0,1,111,36,0,875,37
0,1,110,32,0,1075,28
104,6.5,174,36,0,410,20
104,6.5,227,40,17,800,21
0,9,139,45,15,550,19
0,9,146,46,13,505,11
0,1,90,42,0,520,41
0,1,91,32,0,1225,19
0,1,91,35,0,655,58
0,9,226,47,19,545,19
0,9,215,46,17,470,13
0,1,112,35,0,1010,49
0,9,299,50,19,495,27
60,9,87,42,9,525,27
0,9,194,39,23,1095,24
0,9,188,47,19,570,13
0,9,185,46,19,510,13
0,9,191,46,18,480,13
100,1,183,38,12,805,22
60,1,84,35,4,825,21
60,1,87,35,7,665,30
60,1,81,32,8,1130,11
0,6.333333333,143,37,0,1300,24
0,6.333333333,190,40,12,1270,14
0,6.333333333,291,43,16,1185,36
0,4.833333333,93,34,4,1120,26
0,3.5,62,35,4,770,17
0,6.333333333,873,74,0,1320,9
0,6.333333333,455,43,0,1180,35
0,6.333333333,317,42,13,1220,24
60,6.333333333,82,33,9,1155,32
60,6.333333333,83,38,8,500,33
0,9,228,40,11,880,12
0,6.333333333,436,42,0,1240,15
0,9,211,46,6,485,14
0,9,210,48,0,590,30
30,9,104,37,0,780,22
0,9,108,22,15,405,14
0,9,112,45,19,550,38
0,9,171,43,12,445,7
104,9,235,40,19,765,27
0,6.333333333,161,37,12,1315,16
0,4,91,35,22,790,19
0,9,211,38,9,755,28
0,9,211,41,12,840,15
0,6.333333333,210,41,15,1235,19
0,6.333333333,192,38,12,1305,59
0,9,211,45,6,520,30
0,9,189,46,6,460,10
30,9,152,35,0,715,69
0,6.333333333,168,39,12,1280,11
0,9,176,45,19,540,37
0,9,63,32,22,1105,33
0,9,86,33,19,485,32
100,1,133,32,9,1065,10
0,9,223,43,11,400,10
0,4,186,38,14,725,53
0,6.333333333,185,40,12,1285,14
0,9,186,46,16,450,18
0,1,111,35,0,665,43
195,1,101,37,4,1290,40
0,6.333333333,171,37,0,1270,4
0,4,179,37,14,730,60
0,9,59,44,19,585,15
0,1,111,33,0,1090,27
0,6.333333333,149,39,0,1285,8
65,6.333333333,171,38,23,760,55
0,6.333333333,171,41,12,1260,4
0,9,88,33,13,470,1
100,1,140,33,9,1165,25
0,9,203,45,13,515,5
0,6.333333333,59,30,10,1380,12
0,9,187,46,19,545,25
0,9,139,45,15,545,9
0,9,186,38,12,735,38
390,9,210,37,12,1320,17
0,9,681,66,20,560,51
0,9,128,34,23,1095,31
0,9,95,45,19,560,17
0,9,175,37,12,840,60
0,6.333333333,160,39,0,1230,33
0,9,161,38,12,780,33
0,9,230,46,17,455,16
0,9,160,43,0,615,58
0,9,151,39,22,1115,24
0,9,174,43,13,465,8
0,9,150,38,0,640,48
0,9,110,22,11,400,18
0,9,161,40,13,900,20
0,9,168,45,0,585,64
0,9,163,45,14,530,16
0,9,160,43,13,475,17
0,9,189,46,19,585,8
520,9,110,37,10,870,37
0,1,89,35,0,840,14
0,9,160,36,11,420,11
0,9,159,37,12,840,20
0,9,156,43,13,465,14
0,9,156,39,0,625,45
0,9,142,45,15,550,14
0,9,179,40,12,890,26
0,9,182,43,11,430,19
0,9,187,40,12,895,23
0,9,111,41,0,610,58
0,9,97,43,0,510,27
0,1,98,35,0,805,22
0,9,112,35,12,735,52
0,1,99,35,0,950,6
0,9,112,36,13,470,20
0,9,238,50,19,575,79
0,4,85,34,23,725,39
0,1,105,35,0,965,13
195,1,97,39,6,1230,29
100,1,142,33,9,1060,31
0,9,183,46,19,560,19
0,9,227,46,17,463,12
100,1,141,38,12,775,73
0,4,227,40,23,750,35
0,9,158,35,11,720,28
0,9,131,45,0,565,28
0,1,99,32,0,1070,65
0,6.333333333,178,39,13,1225,17
0,9,167,45,19,520,28
0,9,213,46,6,470,7
65,9,180,38,23,750,54
0,9,217,46,20,500,17
0,9,187,46,17,460,12
0,1,89,32,0,1060,29
104,6.5,150,39,0,445,2
0,1,109,31,0,440,13
0,1,96,32,0,915,28
0,6.333333333,93,37,12,1270,4
0,9,173,46,17,475,24
0,9,218,50,20,565,16
0,9,172,39,13,660,46
0,9,185,45,19,620,65
104,9,223,49,19,570,33
0,9,217,39,11,395,15
0,9,185,46,19,505,31
0,9,214,43,15,410,14
0,9,96,32,23,1090,25
104,6.5,156,38,0,435,23
0,9,95,22,11,415,19
0,6.333333333,174,39,0,1260,7
0,6.333333333,174,39,0,1230,21
0,9,239,46,11,410,10
0,6.333333333,111,39,0,1225,11
0,9,140,33,11,420,3
0,9,186,48,17,600,55
0,9,200,46,17,455,9
0,9,201,39,22,1085,27
0,9,141,33,16,430,10
0,9,172,43,17,460,17
0,6.333333333,150,40,0,1195,17
0,9,140,43,13,495,9
0,9,160,38,12,685,33
0,9,160,37,12,815,26
0,9,127,39,0,470,13
0,9,224,40,13,900,25
0,9,218,46,12,450,9
0,4.666666667,220,42,21,1195,15
0,9,183,46,19,475,10
0,9,184,39,22,1105,24
0,6.333333333,160,39,0,1230,14
0,6.333333333,160,35,12,1345,7
0,6.333333333,160,36,12,1330,11
0,9,249,46,13,460,16
0,4,167,37,14,720,50
104,4,224,39,17,710,46
0,6.333333333,219,40,12,1275,1
0,9,113,42,13,515,10
0,1,100,38,0,625,46
0,1,92,38,0,490,38
0,1,109,35,0,755,50
0,5.166666667,90,26,2,1400,15
0,1,106,35,0,645,26
104,1,227,49,19,570,27
30,1,96,35,0,805,7
0,9,111,45,14,525,18
0,6.333333333,178,41,12,1260,5
0,9,195,45,0,615,21
0,9,218,47,20,545,22
0,1,102,35,0,840,43
0,6.333333333,163,36,12,1340,36
0,6.333333333,210,38,0,1300,8
104,6.5,148,46,0,485,37
0,9,188,39,15,410,43
0,4,198,46,15,510,87
0,5.333333333,160,37,16,685,19
0,5.333333333,160,33,16,815,11
0,5.333333333,195,37,13,615,26
0,1,96,29,1,915,14
0,1,70,34,3,565,11
60,1,84,33,4,825,14
195,1,180,34,11,810,24
100,1,191,36,5,570,-34
60,1,79,33,4,650,21
60,1,78,29,6,930,38
60,1,79,33,4,655,55
100,1,258,36,11,775,11
60,1,86,36,4,705,25
60,1,78,24,8,1035,45
60,1,85,32,4,855,21
0,1,105,29,0,450,1
0,5.333333333,146,37,15,695,24
0,5.333333333,161,35,16,775,0
0,5.333333333,172,37,14,710,22
0,1,107,32,0,515,5
0,1,68,24,7,1200,27
0,4.833333333,85,29,9,465,5
195,4.833333333,98,30,0,1240,9
0,1,102,33,1,845,21
0,1,104,34,0,540,28
100,1,128,23,17,1070,7
100,1,113,35,7,655,17
100,1,112,35,11,770,28
100,1,112,24,16,1040,12
100,1,113,24,17,1050,12
100,1,113,24,18,1165,37
195,1,98,24,1,1200,33
195,1,102,30,0,1260,50
0,6.5,142,28,16,965,26
104,6.5,153,29,0,405,14
104,6.5,154,33,0,455,7
0,4.833333333,84,33,13,635,19
0,4.833333333,83,36,14,695,19
0,4.833333333,82,24,16,1140,40
0,6.5,143,37,9,650,20
0,1,103,33,0,505,26
100,1,133,33,12,830,8
0,1,103,23,1,1120,31
0,5.333333333,158,37,16,670,20
104,6.5,144,33,0,460,22
0,5.333333333,214,37,14,710,18
390,5.333333333,212,30,12,1265,13
0,5.333333333,171,35,16,780,11
0,5.333333333,112,34,15,665,13
0,5.333333333,112,36,15,735,40
0,5.333333333,223,35,16,805,3
100,1,162,34,5,570,26
0,5.333333333,86,36,16,760,3
0,9,171,37,0,690,22
0,9,108,36,8,675,28
0,5.333333333,176,34,12,575,11
104,6.5,172,29,0,400,27
0,9,128,35,7,650,21
100,1,127,28,14,935,15
100,1,109,28,14,935,-9
100,1,107,24,18,1145,26
100,1,179,34,5,540,11
0,9,81,33,3,630,22
0,4.666666667,223,30,19,1240,32
0,9,178,36,6,600,24
100,1,112,37,8,715,22
100,1,117,24,17,1125,36
0,1,92,33,0,655,19
0,1,92,36,0,685,27
0,1,92,28,1,970,28
0,1,92,24,1,1130,28
0,5.333333333,174,34,12,555,31
0,5.333333333,176,34,16,785,12
0,5.333333333,172,37,15,700,14
100,1,127,33,14,850,19
0,1,114,28,0,1330,3
0,1,92,34,0,560,24
0,1,99,24,0,1210,15
0,4.833333333,92,30,14,880,11
0,3.5,61,25,12,1005,28
0,4.833333333,92,35,13,765,11
0,1,105,30,0,485,18
0,4.833333333,92,24,16,1205,18
0,1,106,33,0,630,23
0,3.5,55,33,11,645,18
0,3.5,54,34,14,785,14
0,3.5,54,23,9,1090,31
0,3.5,56,28,13,955,34
0,3.5,61,23,7,1125,35
260,3.5,156,30,12,1270,14
0,4.666666667,210,31,22,1175,25
0,4.833333333,83,24,16,1145,26
0,1,106,36,0,700,26
0,1,106,24,1,1150,13
0,1,110,24,1,1185,3
0,1,109,35,1,765,3
0,1,110,30,0,1280,5
0,1,111,30,1,875,7
0,1,110,23,1,1075,46
104,6.5,174,33,0,460,27
0,6.5,154,28,16,985,10
0,1,90,32,0,520,23
0,1,91,24,0,1225,22
0,6.5,152,37,9,685,9
0,1,91,33,0,655,11
0,1,93,28,1,945,12
60,1,87,32,2,525,22
195,1,194,24,17,1095,9
195,1,194,35,11,780,19
195,1,192,29,14,930,56
195,1,195,25,16,1030,19
100,1,185,35,5,510,23
60,1,87,34,4,665,28
60,1,81,23,8,1130,19
0,4.833333333,93,23,16,1120,15
0,3.5,62,35,12,770,4
60,3.5,82,24,9,1155,26
60,3.5,83,30,2,500,26
0,5.166666667,676,46,0,105,17
0,5.333333333,210,38,13,590,16
0,1,102,24,1,1145,28
100,1,114,34,5,550,4
260,1,161,22,9,1389,19
0,5.333333333,211,36,16,755,12
390,5.333333333,210,30,12,1235,7
390,5.333333333,192,29,11,1305,20
0,9,124,34,14,600,8
780,9,56,34,3,595,15
0,1,75,24,9,1170,11
100,1,133,23,18,1085,18
0,1,111,34,0,665,21
195,1,101,30,0,1290,26
195,1,100,29,0,1305,41
0,2.5,130,37,0,700,34
260,2.5,171,30,12,1270,12
0,1,111,23,1,1090,39
0,9,186,38,7,645,17
0,5.333333333,159,34,14,835,17
0,5.333333333,186,36,15,735,18
0,5.333333333,160,35,13,615,20
0,5.333333333,160,37,13,640,19
0,5.333333333,168,34,13,585,6
520,5.333333333,110,32,1,870,-1
0,1,89,33,1,835,2
0,5.333333333,156,34,13,595,15
0,5.333333333,142,34,11,550,27
0,5.333333333,111,33,13,610,6
0,1,100,30,0,1255,11
0,1,98,34,0,805,26
0,5.333333333,112,36,15,735,36
0,1,99,28,0,950,25
0,9,238,39,25,575,38
0,1,105,28,1,965,2
195,1,97,31,0,1230,27
100,1,142,23,17,1060,10
100,1,141,35,11,775,20
0,1,99,23,0,1070,21
0,9,177,37,0,680,14
0,9,172,38,7,660,16
100,1,189,25,16,1020,15
0,1,89,23,1,1060,19
104,6.5,150,30,0,445,12
0,1,109,29,0,440,5
0,2.5,124,37,0,705,12
0,9,212,37,8,675,13
0,9,223,38,13,570,33
104,6.5,156,30,0,435,5
0,5.333333333,172,38,13,650,19
0,5.333333333,174,37,15,720,1
0,5.333333333,158,37,15,705,34
260,5.333333333,160,27,10,1345,20
0,5.333333333,107,36,15,705,6
169,5.333333333,224,37,15,710,23
0,6.5,150,24,13,1030,20
195,6.5,100,29,0,1295,52
0,1,100,33,0,625,22
0,1,109,36,1,755,18
260,1,160,28,11,1330,35
0,9,204,35,25,445,10
169,9,227,38,13,570,24
0,4.666666667,220,31,21,1205,25
260,4.666666667,163,28,11,1340,22
104,6.5,148,35,0,485,25
195,6.5,171,34,14,840,21
0,5.333333333,220,29,6,345,43
0,1,99,0,0,320,411
